<?xml version = "1.0"?>
<?xml-stylesheet type = "text/xsl" href = "A4_Q7_Norris_7080311.xsl"?>

<product name = "Grandma White's Cookies">
	<serving_size>1 pkg</serving_size>
	<calories>
		<total>260</total>
		<from_fat>100</from_fat>
	</calories>
	<fat>
		<grams>11</grams>
		<saturated>2</saturated>
	</fat>
	<cholesterol>
		<ml>5</ml>
	</cholesterol>
	<sodium>
		<mg>210</mg>
	</sodium>
	<carbs>
		<g>36</g>
	</carbs>
	<fiber>
		<g>2</g>
	</fiber>
	<sugar>
		<g>15</g>
	</sugar>
	<protein>
		<g>5<g>
	</protein>
</product>

Write an XSL style sheet for the above XML document that displays the
nutritional facts in an HTML5 table. [10 marks]